<?xml version="1.0" encoding="utf-8"?>
<!DOCTYPE hibernate-mapping PUBLIC "-//Hibernate/Hibernate Mapping DTD 3.0//EN"
"http://hibernate.sourceforge.net/hibernate-mapping-3.0.dtd">
<!-- 
    Mapping file autogenerated by MyEclipse Persistence Tools
-->
<hibernate-mapping>
    <class name="tw.gov.npa.il.dao.E0dtSn" table="E0DT_SN" schema="dbo" catalog="IL2DB">
        <composite-id name="id" class="tw.gov.npa.il.dao.E0dtSnId">
            <key-property name="e0Sn" type="java.math.BigDecimal">
                <column name="E0_SN" precision="32" scale="0" />
            </key-property>
            <key-property name="e0ServerName" type="java.lang.String">
                <column name="E0_SERVER_NAME" length="60" />
            </key-property>
        </composite-id>
        <property name="e0PrcdTime" type="java.sql.Timestamp">
            <column name="E0_PRCD_TIME" length="23" not-null="true" />
        </property>
        <property name="e0SvrUnitCode" type="java.lang.String">
            <column name="E0_SVR_UNIT_CODE" length="6" not-null="true" />
        </property>
        <property name="e0Userid" type="java.lang.String">
            <column name="E0_USERID" length="8" not-null="true" />
        </property>
        <property name="e0Ip" type="java.lang.String">
            <column name="E0_IP" length="15" not-null="true" />
        </property>
        <property name="e0InqRslt" type="java.lang.String">
            <column name="E0_INQ_RSLT" length="1" not-null="true" />
        </property>
        <property name="e0UpdateRslt" type="java.lang.String">
            <column name="E0_UPDATE_RSLT" length="1" not-null="true" />
        </property>
        <property name="e0UseridUnitCode" type="java.lang.String">
            <column name="E0_USERID_UNIT_CODE" length="5" not-null="true" />
        </property>
        <property name="e0UseridDeptCode" type="java.lang.String">
            <column name="E0_USERID_DEPT_CODE" length="5" not-null="true" />
        </property>
        <property name="e0UseridBranchCode" type="java.lang.String">
            <column name="E0_USERID_BRANCH_CODE" length="5" not-null="true" />
        </property>
        <property name="e0SyncFlag" type="java.lang.String">
            <column name="E0_SYNC_FLAG" length="1" not-null="true" />
        </property>
    </class>
</hibernate-mapping>
