<?xml version="1.0" encoding="utf-8"?>
<!DOCTYPE hibernate-mapping PUBLIC "-//Hibernate/Hibernate Mapping DTD 3.0//EN"
"http://hibernate.sourceforge.net/hibernate-mapping-3.0.dtd">
<!-- 
    Mapping file autogenerated by MyEclipse Persistence Tools
-->
<hibernate-mapping>
    <class name="tw.gov.npa.il.dao.E0dtNpaunit" table="E0DT_NPAUNIT" schema="dbo" catalog="ABDB">
        <id name="e0UnitCd" type="java.lang.String">
            <column name="E0_UNIT_CD" length="5" />
            <generator class="increment" />
        </id>
        <property name="e0UnitNm" type="java.lang.String">
            <column name="E0_UNIT_NM" length="150" not-null="true" />
        </property>
        <property name="e0UnitSNm" type="java.lang.String">
            <column name="E0_UNIT_S_NM" length="90" not-null="true" />
        </property>
        <property name="e0UnitLevel" type="java.lang.String">
            <column name="E0_UNIT_LEVEL" length="1" not-null="true" />
        </property>
        <property name="e0DeptCd" type="java.lang.String">
            <column name="E0_DEPT_CD" length="5" not-null="true" />
        </property>
        <property name="e0BranchCd" type="java.lang.String">
            <column name="E0_BRANCH_CD" length="5" not-null="true" />
        </property>
        <property name="e0UnitAddr" type="java.lang.String">
            <column name="E0_UNIT_ADDR" length="240" not-null="true" />
        </property>
        <property name="e0AreaNo" type="java.lang.String">
            <column name="E0_AREA_NO" length="4" not-null="true" />
        </property>
        <property name="e0PhoneNo" type="java.lang.String">
            <column name="E0_PHONE_NO" length="10" not-null="true" />
        </property>
        <property name="e0UnitFlag" type="java.lang.String">
            <column name="E0_UNIT_FLAG" length="2" />
        </property>
        <property name="e0Lmd" type="java.sql.Timestamp">
            <column name="E0_LMD" length="23" />
        </property>
        <property name="e0FullSNm" type="java.lang.String">
            <column name="E0_FULL_S_NM" length="90" />
        </property>
        <property name="e0ReportFlag" type="java.lang.String">
            <column name="E0_REPORT_FLAG" length="16" />
        </property>
        <property name="e0OrgCd" type="java.lang.String">
            <column name="E0_ORG_CD" length="10" />
        </property>
        <property name="e0HrUnitCd" type="java.lang.String">
            <column name="E0_HR_UNIT_CD" length="10" />
        </property>
        <property name="e0DeleteFlag" type="java.lang.Integer">
            <column name="E0_DELETE_FLAG" />
        </property>
        <property name="e0Modify" type="java.sql.Timestamp">
            <column name="E0_MODIFY" length="23" />
        </property>
        <property name="e0Memo" type="java.lang.String">
            <column name="E0_MEMO" length="300" />
        </property>
        <property name="e0PolicePhone" type="java.lang.String">
            <column name="E0_POLICE_PHONE" length="10" />
        </property>
        <property name="e0UnitSort" type="java.lang.String">
            <column name="E0_UNIT_SORT" length="4" />
        </property>
        <property name="e0OldUnit" type="java.lang.String">
            <column name="E0_OLD_UNIT" length="70" />
        </property>
    </class>
</hibernate-mapping>
