<?xml version="1.0" encoding="utf-8"?>
<!DOCTYPE hibernate-mapping PUBLIC "-//Hibernate/Hibernate Mapping DTD 3.0//EN"
"http://hibernate.sourceforge.net/hibernate-mapping-3.0.dtd">
<!-- 
    Mapping file autogenerated by MyEclipse Persistence Tools
-->
<hibernate-mapping>
    <class name="tw.gov.npa.il.dao.IlScheduleMng" table="IL_SCHEDULE_MNG" schema="dbo" catalog="IL2DB">
        <composite-id name="id" class="tw.gov.npa.il.dao.IlScheduleMngId">
            <key-property name="id" type="java.lang.Integer">
                <column name="id" />
            </key-property>
            <key-property name="sgroup" type="java.lang.String">
                <column name="sgroup" length="2" />
            </key-property>
            <key-property name="type" type="java.lang.String">
                <column name="type" length="2" />
            </key-property>
            <key-property name="stime" type="java.sql.Timestamp">
                <column name="sTime" length="23" />
            </key-property>
            <key-property name="etime" type="java.sql.Timestamp">
                <column name="eTime" length="23" />
            </key-property>
            <key-property name="status" type="java.lang.String">
                <column name="status" length="2" />
            </key-property>
            <key-property name="muserName" type="java.lang.String">
                <column name="mUserName" length="60" />
            </key-property>
            <key-property name="munitId" type="java.lang.String">
                <column name="mUnitId" length="5" />
            </key-property>
        </composite-id>
    </class>
</hibernate-mapping>
