<?xml version="1.0" encoding="utf-8"?>
<!DOCTYPE hibernate-mapping PUBLIC "-//Hibernate/Hibernate Mapping DTD 3.0//EN"
"http://hibernate.sourceforge.net/hibernate-mapping-3.0.dtd">
<!-- 
    Mapping file autogenerated by MyEclipse Persistence Tools
-->
<hibernate-mapping>
    <class name="tw.gov.npa.il.dao.Iltb03MainRecord" table="ILTB_03_MAIN_RECORD" schema="dbo" catalog="IL2DB">
        <composite-id name="id" class="tw.gov.npa.il.dao.Iltb03MainRecordId">
            <key-property name="ilArcid" type="java.lang.Integer">
                <column name="IL_ARCID" precision="7" scale="0" />
            </key-property>
            <key-property name="ilApydt" type="java.sql.Timestamp">
                <column name="IL_APYDT" length="23" />
            </key-property>
            <key-property name="ilSeq" type="java.lang.Short">
                <column name="IL_SEQ" />
            </key-property>
        </composite-id>
        <property name="ilArctp" type="java.lang.String">
            <column name="IL_ARCTP" length="1" />
        </property>
        <property name="ilArccs" type="java.lang.String">
            <column name="IL_ARCCS" length="1" />
        </property>
        <property name="ilHstmrk" type="java.lang.Short">
            <column name="IL_HSTMRK" />
        </property>
        <property name="ilEnm" type="java.lang.String">
            <column name="IL_ENM" length="60" />
        </property>
        <property name="ilPspt" type="java.lang.String">
            <column name="IL_PSPT" length="20" />
        </property>
        <property name="ilPsdt" type="java.sql.Timestamp">
            <column name="IL_PSDT" length="23" />
        </property>
        <property name="ilArcrsn" type="java.lang.String">
            <column name="IL_ARCRSN" length="1" />
        </property>
        <property name="ilJbcd" type="java.lang.String">
            <column name="IL_JBCD" length="2" />
        </property>
        <property name="ilOfcd" type="java.lang.String">
            <column name="IL_OFCD" length="4" />
        </property>
        <property name="ilOfnm" type="java.lang.String">
            <column name="IL_OFNM" length="150" />
        </property>
        <property name="ilOftel" type="java.lang.String">
            <column name="IL_OFTEL" length="15" />
        </property>
        <property name="ilJbpzone" type="java.lang.String">
            <column name="IL_JBPZONE" length="3" />
        </property>
        <property name="ilJbaddr" type="java.lang.String">
            <column name="IL_JBADDR" length="240" />
        </property>
        <property name="ilJbtel" type="java.lang.String">
            <column name="IL_JBTEL" length="15" />
        </property>
        <property name="ilArpzone" type="java.lang.String">
            <column name="IL_ARPZONE" length="3" />
        </property>
        <property name="ilAraddr" type="java.lang.String">
            <column name="IL_ARADDR" length="240" />
        </property>
        <property name="ilArtel" type="java.lang.String">
            <column name="IL_ARTEL" length="15" />
        </property>
        <property name="ilAgnco" type="java.lang.String">
            <column name="IL_AGNCO" length="150" />
        </property>
        <property name="ilAgntel" type="java.lang.String">
            <column name="IL_AGNTEL" length="15" />
        </property>
        <property name="ilJbpmcd" type="java.lang.String">
            <column name="IL_JBPMCD" length="6" />
        </property>
        <property name="ilJbpmdc" type="java.lang.String">
            <column name="IL_JBPMDC" length="10" />
        </property>
        <property name="ilJbpmdt" type="java.sql.Timestamp">
            <column name="IL_JBPMDT" length="23" />
        </property>
        <property name="ilJbpmfm" type="java.sql.Timestamp">
            <column name="IL_JBPMFM" length="23" />
        </property>
        <property name="ilJbpmto" type="java.sql.Timestamp">
            <column name="IL_JBPMTO" length="23" />
        </property>
        <property name="ilMicro" type="java.lang.String">
            <column name="IL_MICRO" length="10" />
        </property>
        <property name="ilArcrcp" type="java.lang.String">
            <column name="IL_ARCRCP" length="8" />
        </property>
        <property name="ilArcno" type="java.lang.String">
            <column name="IL_ARCNO" length="10" />
        </property>
        <property name="ilArcfm" type="java.sql.Timestamp">
            <column name="IL_ARCFM" length="23" />
        </property>
        <property name="ilArcto" type="java.sql.Timestamp">
            <column name="IL_ARCTO" length="23" />
        </property>
        <property name="ilFrcexit" type="java.lang.String">
            <column name="IL_FRCEXIT" length="2" />
        </property>
        <property name="ilReapydt" type="java.sql.Timestamp">
            <column name="IL_REAPYDT" length="23" />
        </property>
        <property name="ilRetp" type="java.lang.String">
            <column name="IL_RETP" length="1" />
        </property>
        <property name="ilRepmdc" type="java.lang.String">
            <column name="IL_REPMDC" length="6" />
        </property>
        <property name="ilRepmdt" type="java.sql.Timestamp">
            <column name="IL_REPMDT" length="23" />
        </property>
        <property name="ilRrnote" type="java.lang.String">
            <column name="IL_RRNOTE" length="60" />
        </property>
        <property name="ilMrkcs" type="java.lang.String">
            <column name="IL_MRKCS" length="1" />
        </property>
        <property name="ilFbdrsn" type="java.lang.String">
            <column name="IL_FBDRSN" length="1" />
        </property>
        <property name="ilMrkdt" type="java.sql.Timestamp">
            <column name="IL_MRKDT" length="23" />
        </property>
        <property name="ilMrkdc" type="java.lang.String">
            <column name="IL_MRKDC" length="60" />
        </property>
        <property name="ilDpdt" type="java.sql.Timestamp">
            <column name="IL_DPDT" length="23" not-null="true" />
        </property>
        <property name="ilTid" type="java.lang.String">
            <column name="IL_TID" length="8" not-null="true" />
        </property>
        <property name="ilModified" type="java.sql.Timestamp">
            <column name="IL_MODIFIED" length="23" />
        </property>
    </class>
</hibernate-mapping>
