<?xml version="1.0" encoding="utf-8"?>
<!DOCTYPE hibernate-mapping PUBLIC "-//Hibernate/Hibernate Mapping DTD 3.0//EN"
"http://hibernate.sourceforge.net/hibernate-mapping-3.0.dtd">
<!-- 
    Mapping file autogenerated by MyEclipse Persistence Tools
-->
<hibernate-mapping>
    <class name="tw.gov.npa.il.dao.Iltb01MainIdx" table="ILTB_01_MAIN_IDX" schema="dbo" catalog="IL2DB">
        <id name="ilArcid" type="java.lang.Integer">
            <column name="IL_ARCID" precision="7" scale="0" />
            <generator class="increment" />
        </id>
        <property name="ilArccs" type="java.lang.String">
            <column name="IL_ARCCS" length="1" />
        </property>
        <property name="ilArcno" type="java.lang.String">
            <column name="IL_ARCNO" length="10" />
        </property>
        <property name="ilOldarc" type="java.lang.String">
            <column name="IL_OLDARC" length="10" />
        </property>
        <property name="ilNtcd" type="java.lang.String">
            <column name="IL_NTCD" length="3" />
        </property>
        <property name="ilPspt" type="java.lang.String">
            <column name="IL_PSPT" length="20" />
        </property>
        <property name="ilEnm" type="java.lang.String">
            <column name="IL_ENM" length="60" />
        </property>
        <property name="ilCnm" type="java.lang.String">
            <column name="IL_CNM" length="60" />
        </property>
        <property name="ilBthdt" type="java.lang.String">
            <column name="IL_BTHDT" length="8" />
        </property>
        <property name="ilOfnm" type="java.lang.String">
            <column name="IL_OFNM" length="150" />
        </property>
        <property name="ilPhq" type="java.lang.String">
            <column name="IL_PHQ" length="4" />
        </property>
        <property name="ilPst" type="java.lang.String">
            <column name="IL_PST" length="4" />
        </property>
        <property name="ilJbcd" type="java.lang.String">
            <column name="IL_JBCD" length="2" />
        </property>
        <property name="ilJbpmdt" type="java.sql.Timestamp">
            <column name="IL_JBPMDT" length="23" />
        </property>
        <property name="ilJbpmdc" type="java.lang.String">
            <column name="IL_JBPMDC" length="10" />
        </property>
        <property name="ilModified" type="java.sql.Timestamp">
            <column name="IL_MODIFIED" length="23" />
        </property>
        <property name="il12ArcId" type="java.lang.Long">
            <column name="IL_12ARCID" not-null="false" default="-1" />
        </property>
    </class>
</hibernate-mapping>
