<?xml version="1.0" encoding="utf-8"?>
<!DOCTYPE hibernate-mapping PUBLIC "-//Hibernate/Hibernate Mapping DTD 3.0//EN"
"http://hibernate.sourceforge.net/hibernate-mapping-3.0.dtd">
<!-- 
    Mapping file autogenerated by MyEclipse Persistence Tools
-->
<hibernate-mapping>
    <class name="tw.gov.npa.il.dao.Iltb01Main" table="ILTB_01_MAIN" schema="dbo" catalog="IL2DB">
        <id name="ilArcid" type="java.lang.Integer">
            <column name="IL_ARCID" precision="7" scale="0" />
            <generator class="increment" />
        </id>
        <property name="ilArctp" type="java.lang.String">
            <column name="IL_ARCTP" length="1" not-null="true" />
        </property>
        <property name="ilArccs" type="java.lang.String">
            <column name="IL_ARCCS" length="1" not-null="true" />
        </property>
        <property name="ilEnm" type="java.lang.String">
            <column name="IL_ENM" length="60" not-null="true" />
        </property>
        <property name="ilCnm" type="java.lang.String">
            <column name="IL_CNM" length="60" />
        </property>
        <property name="ilSex" type="java.lang.String">
            <column name="IL_SEX" length="1" not-null="true" />
        </property>
        <property name="ilBthdt" type="java.lang.String">
            <column name="IL_BTHDT" length="8" not-null="true" />
        </property>
        <property name="ilNtcd" type="java.lang.String">
            <column name="IL_NTCD" length="3" not-null="true" />
        </property>
        <property name="ilPspt" type="java.lang.String">
            <column name="IL_PSPT" length="20" />
        </property>
        <property name="ilPsdt" type="java.sql.Timestamp">
            <column name="IL_PSDT" length="23" />
        </property>
        <property name="ilMst" type="java.lang.String">
            <column name="IL_MST" length="1" not-null="true" />
        </property>
        <property name="ilEdu" type="java.lang.String">
            <column name="IL_EDU" length="2" not-null="true" />
        </property>
        <property name="ilIndt" type="java.sql.Timestamp">
            <column name="IL_INDT" length="23" not-null="true" />
        </property>
        <property name="ilExdt" type="java.sql.Timestamp">
            <column name="IL_EXDT" length="23" />
        </property>
        <property name="ilArcrsn" type="java.lang.String">
            <column name="IL_ARCRSN" length="1" not-null="true" />
        </property>
        <property name="ilArcst" type="java.lang.String">
            <column name="IL_ARCST" length="1" not-null="true" />
        </property>
        <property name="ilJbcd" type="java.lang.String">
            <column name="IL_JBCD" length="2" not-null="true" />
        </property>
        <property name="ilJbpsn" type="java.lang.String">
            <column name="IL_JBPSN" length="30" />
        </property>
        <property name="ilOfcd" type="java.lang.String">
            <column name="IL_OFCD" length="4" />
        </property>
        <property name="ilOfnm" type="java.lang.String">
            <column name="IL_OFNM" length="150" />
        </property>
        <property name="ilOftel" type="java.lang.String">
            <column name="IL_OFTEL" length="15" />
        </property>
        <property name="ilOfnmbf" type="java.lang.String">
            <column name="IL_OFNMBF" length="30" />
        </property>
        <property name="ilJbpzone" type="java.lang.String">
            <column name="IL_JBPZONE" length="3" />
        </property>
        <property name="ilJbaddr" type="java.lang.String">
            <column name="IL_JBADDR" length="240" />
        </property>
        <property name="ilJbtel" type="java.lang.String">
            <column name="IL_JBTEL" length="15" />
        </property>
        <property name="ilArpzone" type="java.lang.String">
            <column name="IL_ARPZONE" length="3" not-null="true" />
        </property>
        <property name="ilAraddr" type="java.lang.String">
            <column name="IL_ARADDR" length="240" not-null="true" />
        </property>
        <property name="ilArtel" type="java.lang.String">
            <column name="IL_ARTEL" length="15" />
        </property>
        <property name="ilAgnco" type="java.lang.String">
            <column name="IL_AGNCO" length="150" />
        </property>
        <property name="ilAgntel" type="java.lang.String">
            <column name="IL_AGNTEL" length="15" />
        </property>
        <property name="ilJbpmcd" type="java.lang.String">
            <column name="IL_JBPMCD" length="1" not-null="true" />
        </property>
        <property name="ilJbpmdc" type="java.lang.String">
            <column name="IL_JBPMDC" length="10" />
        </property>
        <property name="ilJbpmdt" type="java.sql.Timestamp">
            <column name="IL_JBPMDT" length="23" />
        </property>
        <property name="ilJbpmfm" type="java.sql.Timestamp">
            <column name="IL_JBPMFM" length="23" />
        </property>
        <property name="ilJbpmto" type="java.sql.Timestamp">
            <column name="IL_JBPMTO" length="23" />
        </property>
        <property name="ilMicro" type="java.lang.String">
            <column name="IL_MICRO" length="10" />
        </property>
        <property name="ilApydt" type="java.sql.Timestamp">
            <column name="IL_APYDT" length="23" not-null="true" />
        </property>
        <property name="ilArcrcp" type="java.lang.String">
            <column name="IL_ARCRCP" length="8" not-null="true" />
        </property>
        <property name="ilArcno" type="java.lang.String">
            <column name="IL_ARCNO" length="10" not-null="true" />
        </property>
        <property name="ilArcfm" type="java.sql.Timestamp">
            <column name="IL_ARCFM" length="23" not-null="true" />
        </property>
        <property name="ilArcto" type="java.sql.Timestamp">
            <column name="IL_ARCTO" length="23" />
        </property>
        <property name="ilPst" type="java.lang.String">
            <column name="IL_PST" length="4" not-null="true" />
        </property>
        <property name="ilPhq" type="java.lang.String">
            <column name="IL_PHQ" length="4" not-null="true" />
        </property>
        <property name="ilPstext" type="java.lang.String">
            <column name="IL_PSTEXT" length="2" />
        </property>
        <property name="ilRemrk" type="java.lang.String">
            <column name="IL_REMRK" length="500" />
        </property>
        <property name="ilArcisu" type="java.lang.String">
            <column name="IL_ARCISU" length="1" not-null="true" />
        </property>
        <property name="ilFrshp" type="java.lang.String">
            <column name="IL_FRSHP" length="2" not-null="true" />
        </property>
        <property name="ilFnm" type="java.lang.String">
            <column name="IL_FNM" length="60" />
        </property>
        <property name="ilFpid" type="java.lang.String">
            <column name="IL_FPID" length="20" />
        </property>
        <property name="ilFntcd" type="java.lang.String">
            <column name="IL_FNTCD" length="3" />
        </property>
        <property name="ilFrcexit" type="java.lang.String">
            <column name="IL_FRCEXIT" length="2" not-null="true" />
        </property>
        <property name="ilReapydt" type="java.sql.Timestamp">
            <column name="IL_REAPYDT" length="23" />
        </property>
        <property name="ilRetp" type="java.lang.String">
            <column name="IL_RETP" length="1" not-null="true" />
        </property>
        <property name="ilRepmdc" type="java.lang.String">
            <column name="IL_REPMDC" length="6" />
        </property>
        <property name="ilRepmdt" type="java.sql.Timestamp">
            <column name="IL_REPMDT" length="23" />
        </property>
        <property name="ilRrnote" type="java.lang.String">
            <column name="IL_RRNOTE" length="60" />
        </property>
        <property name="ilMrkcs" type="java.lang.String">
            <column name="IL_MRKCS" length="1" not-null="true" />
        </property>
        <property name="ilFbdrsn" type="java.lang.String">
            <column name="IL_FBDRSN" length="1" not-null="true" />
        </property>
        <property name="ilMrkdt" type="java.sql.Timestamp">
            <column name="IL_MRKDT" length="23" />
        </property>
        <property name="ilMrkdc" type="java.lang.String">
            <column name="IL_MRKDC" length="60" />
        </property>
        <property name="ilSbmttp" type="java.lang.String">
            <column name="IL_SBMTTP" length="1" not-null="true" />
        </property>
        <property name="ilMissdt" type="java.sql.Timestamp">
            <column name="IL_MISSDT" length="23" />
        </property>
        <property name="ilSbmtdt" type="java.sql.Timestamp">
            <column name="IL_SBMTDT" length="23" />
        </property>
        <property name="ilSrchst" type="java.lang.String">
            <column name="IL_SRCHST" length="2" not-null="true" />
        </property>
        <property name="ilFnddid" type="java.lang.String">
            <column name="IL_FNDDID" length="4" />
        </property>
        <property name="ilFnddt" type="java.sql.Timestamp">
            <column name="IL_FNDDT" length="23" />
        </property>
        <property name="ilOldarc" type="java.lang.String">
            <column name="IL_OLDARC" length="10" not-null="true" />
        </property>
        <property name="ilHcst" type="java.lang.String">
            <column name="IL_HCST" length="1" />
        </property>
        <property name="ilHcctr" type="java.lang.Short">
            <column name="IL_HCCTR" />
        </property>
        <property name="ilLmd" type="java.sql.Timestamp">
            <column name="IL_LMD" length="23" not-null="true" />
        </property>
        <property name="ilFstapydt" type="java.sql.Timestamp">
            <column name="IL_FSTAPYDT" length="23" not-null="true" />
        </property>
        <property name="ilRepmdcNic" type="java.lang.String">
            <column name="IL_REPMDC_NIC" length="10" />
        </property>
        <property name="ilForfere" type="java.lang.String">
            <column name="IL_FORFERE" length="1" />
        </property>
        <property name="il12ArcId" type="java.lang.Long">
            <column name="IL_12ARCID" not-null="false" default="-1" />
        </property>
        <property name="ilOldarcno" type="java.lang.String">
            <column name="IL_OLDARCNO" not-null="false" />
        </property>
        <property name="ilIlId" type="java.lang.String">
            <column name="IL_ILID" not-null="false" />
        </property>
        <property name="ilOldApydt" type="java.sql.Timestamp">
            <column name="IL_OLDAPYDT" length="23" not-null="false" />
        </property>
    </class>
</hibernate-mapping>
