<?xml version='1.0' encoding='UTF-8'?>
<!DOCTYPE hibernate-configuration PUBLIC
          "-//Hibernate/Hibernate Configuration DTD 3.0//EN"
          "http://hibernate.sourceforge.net/hibernate-configuration-3.0.dtd">

<!-- Generated by MyEclipse Hibernate Tools.                   -->
<hibernate-configuration>

	<session-factory>
		<property name="dialect">
			org.hibernate.dialect.SybaseDialect
		</property>

	<!-- 	<property name="connection.url">jdbc:sybase:Tds:10.160.1.21:4100/IL2DB?language=us_english&amp;characterEncoding=utf8&amp;jconnect_version=3</property>  -->
		<!-- 	-->
			<property name="connection.url">
			jdbc:sybase:Tds:10.0.2.15:4100/ILDB?language=us_english&amp;Unicode=true&amp;characterEncoding=utf8&amp;noAccessToProcedureBodies=true
			</property>
	
		<property name="connection.username">ilu001</property>
		<property name="connection.password">ilu001</property>
		<property name="connection.driver_class">
			com.sybase.jdbc3.jdbc.SybDataSource
		</property>
		<property name="myeclipse.connection.profile">
			10.0.2.15
		</property>

		<property name="hibernate.statement_cache.size">25</property>
		<property name="hibernate.jdbc.fetch_size">100</property>
		<property name="hibernate.jdbc.batch_size">50</property>
		<property name="hibernate.jdbc.use_scrollable_resultset">
			true
		</property>
		<property name="hibernate.bytecode.use_reflection_optimizer">
			true
		</property>
		<property name="hibernate.connection.isolation">1</property>
		<property name="hibernate.use_outer_join">true</property>
		<property name="hibernate.max_fetch_depth">1</property>
		<property name="hibernate.cache.use_query_cache">
			false
		</property>
		<!-- <property name="show_sql">true</property> -->
		<!-- <property name="autoReconnect">true</property> -->

		<!--C3P0 
			<property name="hibernate.connection.provider_class">
			org.hibernate.connection.C3P0ConnectionProvider
			</property> -->
		<!--連接池的最小連接數
			<property name="hibernate.c3p0.min_size">5</property>-->
		<!--最大連接數
			<property name="hibernate.c3p0.max_size">500</property>-->
		<!--連接超過時間
			<property name="hibernate.c3p0.timeout">2100</property>-->
		<!--max_statements緩存大小100
			<property name="hibernate.c3p0.max_statements">100</property>-->
		<!--每隔多少秒檢測連接是否正常可用  
			<property name="hibernate.c3p0.idle_test_period">300</property>-->
		<!--當連結池中的連接耗盡的時候，一次性增加的連結數量，默認為3
			<property name="hibernate.c3p0.acquire_increment">1</property>
			<property name="hibernate.c3p0.validate">true</property>
		-->

		<mapping resource="tw/gov/npa/il/dao/IltbFuncRole.hbm.xml" />
		<mapping resource="tw/gov/npa/il/dao/IltbFunc.hbm.xml" />
		<mapping
			resource="tw/gov/npa/il/dao/Iltb18DataProcessResult.hbm.xml" />
		<mapping resource="tw/gov/npa/il/dao/Iltb23ImgIdx.hbm.xml" />
		<mapping resource="tw/gov/npa/il/dao/Iltb03MainRecord.hbm.xml" />
		<mapping resource="tw/gov/npa/il/dao/Iltb01MainIdx.hbm.xml" />
		<mapping resource="tw/gov/npa/il/dao/Iltb19DataProcess.hbm.xml" />
		<mapping
			resource="tw/gov/npa/il/dao/Iltb20OnlineReport.hbm.xml" />
		<mapping resource="tw/gov/npa/il/dao/Iltb01Main.hbm.xml" />
		<mapping resource="tw/gov/npa/il/dao/Iltb15CountryCode.hbm.xml" />
		<mapping resource="tw/gov/npa/il/dao/Iltb04InRecord.hbm.xml" />
		<mapping resource="tw/gov/npa/il/dao/Iltb16JobCode.hbm.xml" />
		<mapping resource="tw/gov/npa/il/dao/IltbAnnounce.hbm.xml" />
		<mapping resource="tw/gov/npa/il/dao/E0dtSn.hbm.xml" />
		<mapping resource="tw/gov/npa/il/dao/Iltb17SchoolCode.hbm.xml" />
		<mapping resource="tw/gov/npa/il/dao/Iltb22IaRecord.hbm.xml" />
		<mapping resource="tw/gov/npa/il/dao/E0dtNpaunit.hbm.xml" />
		<mapping resource="tw/gov/npa/il/dao/IltbRole.hbm.xml" />
		<mapping
			resource="tw/gov/npa/il/dao/IltbSystemFlowStepConfig.hbm.xml" />

	</session-factory>

</hibernate-configuration>